{
  "ventas": [
    { "mes": "Enero", "total": 1200 },
    { "mes": "Febrero", "total": 1800 },
    { "mes": "Marzo", "total": 1600 },
    { "mes": "Abril", "total": 2000 },
    { "mes": "Mayo", "total": 2200 },
    { "mes": "Junio", "total": 2100 }
  ],
  "productosMasVendidos": [
    { "nombre": "Producto A", "porcentaje": 35 },
    { "nombre": "Producto B", "porcentaje": 25 },
    { "nombre": "Producto C", "porcentaje": 20 },
    { "nombre": "Producto D", "porcentaje": 10 },
    { "nombre": "Producto E", "porcentaje": 10 }
  ]
}
